,Name,Purpose
0,Ryan-Chambers,Decentralized analyzing pricing structure for transform best-of-breed solutions
1,Joseph-Perez,Devolved well-modulated focus group for innovate viral applications
2,"Sandoval, Ellis and Trevino",Managed zero tolerance support for orchestrate transparent e-markets
3,Poole Ltd,Cross-platform asynchronous complexity for redefine collaborative channels
4,Ortiz-Cuevas,Organized even-keeled analyzer for syndicate B2C technologies
5,Mathis Ltd,Grass-roots system-worthy attitude for harness strategic ROI
6,Martinez-Griffin,Re-contextualized uniform circuit for transition sticky networks
7,"Lambert, Smith and Campbell",Universal logistical info-mediaries for innovate visionary supply-chains
8,"Mccarthy, Garcia and Ray",Sharable discrete ability for scale transparent users
9,Valdez LLC,Versatile methodical model for scale enterprise niches
10,"Hunt, Johnson and Anderson",Multi-lateral empowering open architecture for maximize dynamic info-mediaries
11,"Anderson, Houston and Watson",Multi-lateral incremental analyzer for unleash scalable mindshare
12,Brown Ltd,Organized motivating support for grow front-end vortals
13,Perry Ltd,Mandatory holistic function for synthesize customized convergence
14,"Nash, Cline and Garcia",Visionary asynchronous strategy for incentivize proactive portals
15,"Rodriguez, Roman and Morales",Implemented modular array for expedite extensible supply-chains
16,"Summers, Martinez and Andrews",Face-to-face empowering monitoring for envisioneer impactful e-business
17,Hall and Sons,Stand-alone secondary system engine for engage world-class relationships
18,"Davis, Thomas and Gonzalez",Visionary disintermediate extranet for exploit frictionless e-services
19,Nicholson-Hall,User-friendly next generation hardware for brand virtual e-services
20,Maxwell and Sons,Multi-tiered didactic complexity for drive e-business e-services
21,Brown-Rogers,Object-based contextually-based portal for orchestrate clicks-and-mortar communities
22,"Bennett, Burton and Lopez",Configurable 6thgeneration algorithm for extend turn-key functionalities
23,Reed-Jackson,Ameliorated real-time success for empower B2C action-items
24,Houston Group,Progressive human-resource moratorium for embrace bricks-and-clicks eyeballs
25,Becker-Berry,Face-to-face real-time extranet for architect synergistic content
26,Charles and Sons,Horizontal user-facing software for visualize compelling eyeballs
27,"Lewis, Obrien and Warren",Realigned 24/7 attitude for facilitate one-to-one applications
28,Bryant-Vincent,Open-source coherent forecast for enhance frictionless relationships
29,"Cox, Luna and Sanders",Reduced content-based concept for leverage 24/7 infrastructures
30,Burke-Carroll,Assimilated responsive strategy for aggregate granular web services
31,Duncan PLC,Extended grid-enabled interface for engage mission-critical functionalities
32,Rios-Gentry,Up-sized 4thgeneration collaboration for transition visionary architectures
33,"Perez, Martinez and Morris",Profound well-modulated conglomeration for orchestrate killer partnerships
34,Hawkins PLC,Enhanced attitude-oriented leverage for reinvent proactive metrics
35,"Butler, Smith and Fletcher",Distributed national intranet for matrix intuitive web-readiness
36,Robinson PLC,Total disintermediate capability for benchmark extensible channels
37,Bryan PLC,Stand-alone transitional monitoring for enable visionary models
38,Hays PLC,Profit-focused analyzing success for envisioneer turn-key portals
39,Rodriguez PLC,Fundamental solution-oriented neural-net for productize 24/7 web-readiness
40,"Bowman, Morales and Aguilar",Multi-lateral attitude-oriented installation for disintermediate wireless partnerships
41,Duarte Inc,Organic bottom-line architecture for orchestrate strategic functionalities
42,Romero Ltd,Quality-focused dedicated open system for scale B2B web services
43,"Wilson, Osborne and Smith",Business-focused next generation utilization for architect out-of-the-box web services
44,"Washington, Zhang and Hooper",Digitized actuating structure for utilize value-added functionalities
45,Gomez PLC,Switchable hybrid capacity for disintermediate world-class vortals
46,"Brown, Allen and Fritz",Optimized bottom-line service-desk for re-intermediate global metrics
47,Brown-Andrews,Monitored client-driven emulation for strategize integrated applications
48,"Walker, Snow and Williams",Customer-focused system-worthy moratorium for e-enable mission-critical methodologies
49,Finley-Mercado,Open-source zero-defect success for reinvent impactful content
