Name,Purpose
Goodman-Davis,Balanced logistical contingency for orchestrate plug-and-play e-tailers
"Harris, Reese and Warren",Inverse analyzing orchestration for unleash cross-platform applications
"Burton, Sullivan and David",Balanced client-driven matrices for revolutionize distributed initiatives
Robinson LLC,Up-sized fresh-thinking model for embrace back-end niches
Cooper-Fernandez,User-friendly motivating encoding for harness frictionless info-mediaries
Moody Ltd,Configurable clear-thinking standardization for mesh web-enabled systems
Gonzalez Group,Triple-buffered leadingedge capacity for morph end-to-end initiatives
"Huynh, Baker and Davis",Synergistic dedicated encryption for repurpose transparent partnerships
"Austin, Parker and Cain",Diverse modular frame for envisioneer back-end architectures
Young-Roberts,Distributed bandwidth-monitored pricing structure for exploit robust models
Butler-Taylor,Universal multimedia help-desk for engineer value-added initiatives
Davis-Gilbert,Exclusive multimedia project for transition intuitive e-commerce
Mccann-Henry,Face-to-face fault-tolerant algorithm for syndicate dot-com e-business
Hall-Reese,Pre-emptive eco-centric portal for deploy cross-media convergence
Castillo-Rose,Team-oriented didactic open system for revolutionize next-generation e-tailers
White Inc,Centralized upward-trending emulation for drive distributed metrics
Martinez-Armstrong,Multi-tiered global model for re-intermediate leading-edge portals
Martin-Howard,Multi-channeled client-server core for grow seamless vortals
Goodwin PLC,Synergistic asynchronous hardware for reinvent dot-com relationships
Horn PLC,Fundamental multi-state archive for drive customized infrastructures
Allen-Melendez,Innovative asynchronous flexibility for re-contextualize revolutionary e-services
"Jackson, Morgan and Ross",Cross-platform systemic initiative for mesh frictionless content
Scott-Davis,Configurable stable middleware for leverage innovative niches
Sullivan Group,Enhanced interactive attitude for strategize distributed methodologies
"Johnson, Short and May",Managed holistic system engine for matrix killer methodologies
Morse and Sons,Stand-alone dynamic implementation for productize plug-and-play e-services
Contreras-Glenn,Persistent 24hour leverage for e-enable B2B bandwidth
"Price, Johnson and Hendrix",Decentralized systemic monitoring for extend innovative web-readiness
"Weaver, Chambers and King",Up-sized eco-centric architecture for whiteboard bricks-and-clicks solutions
Hoover-Robinson,Open-source zero-defect application for visualize cross-media relationships
Hall-Ball,Cloned scalable open system for deploy sticky functionalities
Morales-Bishop,Up-sized impactful website for utilize leading-edge metrics
Powers-Franco,Mandatory tangible instruction set for morph scalable e-markets
Gould-Wilson,Operative eco-centric utilization for unleash B2B e-business
Zamora LLC,Operative zero-defect collaboration for deliver revolutionary architectures
"Turner, Michael and Banks",Advanced incremental methodology for extend extensible convergence
Carpenter-Reynolds,Multi-channeled scalable knowledgebase for disintermediate clicks-and-mortar methodologies
"Jennings, Vance and Wilkins",Visionary impactful open system for morph turn-key applications
"Cowan, Wright and Maddox",Extended hybrid standardization for architect revolutionary web services
Mcmahon Ltd,Multi-lateral asymmetric contingency for orchestrate granular networks
Carson and Sons,Focused directional monitoring for redefine virtual markets
Dawson Ltd,Persistent eco-centric Internet solution for repurpose 24/7 synergies
Reyes Inc,Realigned analyzing artificial intelligence for orchestrate revolutionary content
Peterson-Smith,Balanced eco-centric hierarchy for enhance scalable vortals
Cooper LLC,Extended upward-trending structure for architect sticky infrastructures
"Santiago, Rodriguez and Yoder",Expanded background budgetary management for streamline web-enabled web services
"Wade, Johnson and Jones",Synergistic radical system engine for architect impactful e-services
"Lynch, Jones and Chavez",Upgradable system-worthy customer loyalty for drive next-generation schemas
Cooper PLC,Business-focused demand-driven solution for revolutionize frictionless vortals
Lopez Group,Persevering discrete complexity for drive ubiquitous niches
